<?xml version="1.0" encoding="utf-8" ?><dwsync><file name="allclasses-frame.html" server="develop.flvs.net" local="3479101580" remote="319783739127319888" Dst="-1" /><file name="allclasses-noframe.html" server="develop.flvs.net" local="3479101580" remote="319783739127319888" Dst="-1" /><file name="constant-values.html" server="develop.flvs.net" local="3479101580" remote="319783739127319888" Dst="-1" /><file name="deprecated-list.html" server="develop.flvs.net" local="3479101580" remote="319783739127319888" Dst="-1" /><file name="ColorChooser.html" server="develop.flvs.net" local="3479101580" remote="319783739127319888" Dst="-1" /><file name="FileChooser.html" server="develop.flvs.net" local="3479101580" remote="319783739127319888" Dst="-1" /><file name="DigitalPicture.html" server="develop.flvs.net" local="3479101580" remote="319783739127319888" Dst="-1" /><file name="help-doc.html" server="develop.flvs.net" local="3479101580" remote="319783739127319888" Dst="-1" /><file name="index-all.html" server="develop.flvs.net" local="3479101580" remote="319783739127319888" Dst="-1" /><file name="ImageDisplay.html" server="develop.flvs.net" local="3479101580" remote="319783739127319888" Dst="-1" /><file name="index.html" server="develop.flvs.net" local="3479101580" remote="319783739127319888" Dst="-1" /><file name="IntArrayWorker.html" server="develop.flvs.net" local="3479101580" remote="319783739127319888" Dst="-1" /><file name="IntArrayWorkerTester.html" server="develop.flvs.net" local="3479101580" remote="319783739127319888" Dst="-1" /><file name="overview-tree.html" server="develop.flvs.net" local="3479101580" remote="319783739127319888" Dst="-1" /><file name="package-frame.html" server="develop.flvs.net" local="3479101580" remote="319783739127319888" Dst="-1" /><file name="package-list" server="develop.flvs.net" local="3479101580" remote="319783739127319888" Dst="-1" /><file name="package-summary.html" server="develop.flvs.net" local="3479101580" remote="319783739127319888" Dst="-1" /><file name="package-tree.html" server="develop.flvs.net" local="3479101580" remote="319783739127319888" Dst="-1" /><file name="Picture.html" server="develop.flvs.net" local="3479101580" remote="319783739127319888" Dst="-1" /><file name="PictureExplorer.html" server="develop.flvs.net" local="3479101580" remote="319783739127319888" Dst="-1" /><file name="PictureFrame.html" server="develop.flvs.net" local="3479101580" remote="319783739127319888" Dst="-1" /><file name="PictureTester.html" server="develop.flvs.net" local="3479101580" remote="319783739127319888" Dst="-1" /><file name="Pixel.html" server="develop.flvs.net" local="3479101580" remote="319783739127319888" Dst="-1" /><file name="serialized-form.html" server="develop.flvs.net" local="3479101580" remote="319783739127319888" Dst="-1" /><file name="stylesheet.css" server="develop.flvs.net" local="3479101580" remote="319783739127319888" Dst="-1" /><file name="SimplePicture.html" server="develop.flvs.net" local="3479101580" remote="319783739127319888" Dst="-1" /></dwsync>